{
  "meta": {
    "version": "1.0",
    "generated": "2026-01-09",
    "total_clinics": 102
  },
  "clinics": [
    {
      "id": "clinic-001",
      "name": "Alaska Regional Orthopedics",
      "slug": "alaska-regional-orthopedics",
      "state": "alaska",
      "city": "anchorage",
      "address": "2801 Debarr Rd, Anchorage, AK 99508",
      "phone": "",
      "price_low": 5000,
      "price_high": 14000,
      "avg_price": 9500,
      "specialty": "Northern Regenerative Medicine",
      "featured": true,
      "verified": true,
      "url": "/locations/alaska/anchorage/alaska-regional-orthopedics.html",
      "keywords": [
        "stem cell therapy anchorage",
        "alaska regional orthopedics stem cell",
        "regenerative medicine anchorage"
      ]
    },
    {
      "id": "clinic-003",
      "name": "Arizona Center for Regenerative Medicine",
      "slug": "arizona-center-for-regenerative-medicine",
      "state": "arizona",
      "city": "phoenix",
      "address": "8415 N Pima Rd #210, Scottsdale, AZ 85258",
      "phone": "",
      "price_low": 5000,
      "price_high": 12000,
      "avg_price": 8500,
      "specialty": "Stem Cell Therapy",
      "featured": true,
      "verified": true,
      "url": "/locations/arizona/phoenix/arizona-center-for-regenerative-medicine.html",
      "keywords": [
        "stem cell therapy phoenix",
        "arizona center for regenerative medicine stem cell",
        "regenerative medicine phoenix"
      ]
    },
    {
      "id": "clinic-002",
      "name": "Phoenix Stem Cell Treatment Center",
      "slug": "phoenix-stem-cell-treatment-center",
      "state": "arizona",
      "city": "phoenix",
      "address": "9250 N 3rd St #1004, Phoenix, AZ 85020",
      "phone": "",
      "price_low": 4000,
      "price_high": 10000,
      "avg_price": 7000,
      "specialty": "Regenerative Medicine",
      "featured": true,
      "verified": true,
      "url": "/locations/arizona/phoenix/phoenix-stem-cell-treatment-center.html",
      "keywords": [
        "stem cell therapy phoenix",
        "phoenix stem cell treatment center stem cell",
        "regenerative medicine phoenix"
      ]
    },
    {
      "id": "clinic-007",
      "name": "Mayo Clinic Arizona",
      "slug": "mayo-clinic-arizona",
      "state": "arizona",
      "city": "scottsdale",
      "address": "5777 E Mayo Blvd, Phoenix, AZ 85054",
      "phone": "",
      "price_low": 8000,
      "price_high": 20000,
      "avg_price": 14000,
      "specialty": "Academic Regenerative Medicine",
      "featured": true,
      "verified": true,
      "url": "/locations/arizona/scottsdale/mayo-clinic-arizona.html",
      "keywords": [
        "stem cell therapy scottsdale",
        "mayo clinic arizona stem cell",
        "regenerative medicine scottsdale"
      ]
    },
    {
      "id": "clinic-008",
      "name": "OrthoArizona",
      "slug": "orthoarizona",
      "state": "arizona",
      "city": "scottsdale",
      "address": "2222 E Highland Ave #200, Phoenix, AZ 85016",
      "phone": "",
      "price_low": 4000,
      "price_high": 10000,
      "avg_price": 7000,
      "specialty": "Orthopedic Stem Cell Therapy",
      "featured": false,
      "verified": true,
      "url": "/locations/arizona/scottsdale/orthoarizona.html",
      "keywords": [
        "stem cell therapy scottsdale",
        "orthoarizona stem cell",
        "regenerative medicine scottsdale"
      ]
    },
    {
      "id": "clinic-006",
      "name": "Scottsdale Stem Cell Treatment Center",
      "slug": "scottsdale-stem-cell-treatment-center",
      "state": "arizona",
      "city": "scottsdale",
      "address": "9377 E Bell Rd #333, Scottsdale, AZ 85260",
      "phone": "",
      "price_low": 5000,
      "price_high": 12000,
      "avg_price": 8500,
      "specialty": "Regenerative Orthopedics",
      "featured": true,
      "verified": true,
      "url": "/locations/arizona/scottsdale/scottsdale-stem-cell-treatment-center.html",
      "keywords": [
        "stem cell therapy scottsdale",
        "scottsdale stem cell treatment center stem cell",
        "regenerative medicine scottsdale"
      ]
    },
    {
      "id": "clinic-005",
      "name": "Southern Arizona Orthopedics",
      "slug": "southern-arizona-orthopedics",
      "state": "arizona",
      "city": "tucson",
      "address": "5301 E Grant Rd, Tucson, AZ 85712",
      "phone": "",
      "price_low": 4000,
      "price_high": 10000,
      "avg_price": 7000,
      "specialty": "Sports Medicine & PRP",
      "featured": false,
      "verified": true,
      "url": "/locations/arizona/tucson/southern-arizona-orthopedics.html",
      "keywords": [
        "stem cell therapy tucson",
        "southern arizona orthopedics stem cell",
        "regenerative medicine tucson"
      ]
    },
    {
      "id": "clinic-004",
      "name": "Tucson Regenerative Medicine",
      "slug": "tucson-regenerative-medicine",
      "state": "arizona",
      "city": "tucson",
      "address": "1501 N Campbell Ave, Tucson, AZ 85724",
      "phone": "",
      "price_low": 3500,
      "price_high": 9000,
      "avg_price": 6250,
      "specialty": "Orthopedic Regenerative Care",
      "featured": true,
      "verified": true,
      "url": "/locations/arizona/tucson/tucson-regenerative-medicine.html",
      "keywords": [
        "stem cell therapy tucson",
        "tucson regenerative medicine stem cell",
        "regenerative medicine tucson"
      ]
    },
    {
      "id": "clinic-022",
      "name": "Central Valley Orthopedics",
      "slug": "central-valley-orthopedics",
      "state": "california",
      "city": "fresno",
      "address": "7077 N Fresno St, Fresno, CA 93720",
      "phone": "",
      "price_low": 3500,
      "price_high": 8000,
      "avg_price": 5750,
      "specialty": "Regenerative Joint Care",
      "featured": true,
      "verified": true,
      "url": "/locations/california/fresno/central-valley-orthopedics.html",
      "keywords": [
        "stem cell therapy fresno",
        "central valley orthopedics stem cell",
        "regenerative medicine fresno"
      ]
    },
    {
      "id": "clinic-023",
      "name": "Fresno Stem Cell Center",
      "slug": "fresno-stem-cell-center",
      "state": "california",
      "city": "fresno",
      "address": "6069 N First St #103, Fresno, CA 93710",
      "phone": "",
      "price_low": 4000,
      "price_high": 9000,
      "avg_price": 6500,
      "specialty": "Stem Cell Therapy",
      "featured": false,
      "verified": true,
      "url": "/locations/california/fresno/fresno-stem-cell-center.html",
      "keywords": [
        "stem cell therapy fresno",
        "fresno stem cell center stem cell",
        "regenerative medicine fresno"
      ]
    },
    {
      "id": "clinic-009",
      "name": "Alexander E Weber, MD",
      "slug": "alexander-e-weber-md",
      "state": "california",
      "city": "los-angeles",
      "address": "16311 Ventura Blvd #515, Encino, CA 91436",
      "phone": "",
      "price_low": 4000,
      "price_high": 8000,
      "avg_price": 6000,
      "specialty": "Sports Medicine & Regenerative Orthopedics",
      "featured": true,
      "verified": true,
      "url": "/locations/california/los-angeles/alexander-e-weber-md.html",
      "keywords": [
        "stem cell therapy los angeles",
        "alexander e weber, md stem cell",
        "regenerative medicine los angeles"
      ]
    },
    {
      "id": "clinic-012",
      "name": "Cedars-Sinai Kerlan-Jobe Institute",
      "slug": "cedars-sinai-kerlan-jobe-institute",
      "state": "california",
      "city": "los-angeles",
      "address": "6801 Park Terrace, Los Angeles, CA 90045",
      "phone": "",
      "price_low": 6000,
      "price_high": 15000,
      "avg_price": 10500,
      "specialty": "Sports Medicine & Orthobiologics",
      "featured": true,
      "verified": true,
      "url": "/locations/california/los-angeles/cedars-sinai-kerlan-jobe-institute.html",
      "keywords": [
        "stem cell therapy los angeles",
        "cedars-sinai kerlan-jobe institute stem cell",
        "regenerative medicine los angeles"
      ]
    },
    {
      "id": "clinic-011",
      "name": "Dr. Steve Yoon",
      "slug": "dr-steve-yoon",
      "state": "california",
      "city": "los-angeles",
      "address": "450 N Roxbury Dr #602, Beverly Hills, CA 90210",
      "phone": "",
      "price_low": 5000,
      "price_high": 12000,
      "avg_price": 8500,
      "specialty": "Regenerative Sports Medicine",
      "featured": true,
      "verified": true,
      "url": "/locations/california/los-angeles/dr-steve-yoon.html",
      "keywords": [
        "stem cell therapy los angeles",
        "dr. steve yoon stem cell",
        "regenerative medicine los angeles"
      ]
    },
    {
      "id": "clinic-010",
      "name": "Full Range Ortho",
      "slug": "full-range-ortho",
      "state": "california",
      "city": "los-angeles",
      "address": "310 N Westlake Blvd #200, Westlake Village, CA 91362",
      "phone": "",
      "price_low": 3500,
      "price_high": 7500,
      "avg_price": 5500,
      "specialty": "Orthopedic Stem Cell Therapy",
      "featured": false,
      "verified": true,
      "url": "/locations/california/los-angeles/full-range-ortho.html",
      "keywords": [
        "stem cell therapy los angeles",
        "full range ortho stem cell",
        "regenerative medicine los angeles"
      ]
    },
    {
      "id": "clinic-013",
      "name": "Southern California Orthopedic Institute",
      "slug": "southern-california-orthopedic-institute",
      "state": "california",
      "city": "los-angeles",
      "address": "6815 Noble Ave, Van Nuys, CA 91405",
      "phone": "",
      "price_low": 4500,
      "price_high": 10000,
      "avg_price": 7250,
      "specialty": "Joint Preservation & Regenerative Medicine",
      "featured": false,
      "verified": true,
      "url": "/locations/california/los-angeles/southern-california-orthopedic-institute.html",
      "keywords": [
        "stem cell therapy los angeles",
        "southern california orthopedic institute stem cell",
        "regenerative medicine los angeles"
      ]
    },
    {
      "id": "clinic-025",
      "name": "Sacramento Stem Cell Treatment",
      "slug": "sacramento-stem-cell-treatment",
      "state": "california",
      "city": "sacramento",
      "address": "1515 Response Rd #100, Sacramento, CA 95815",
      "phone": "",
      "price_low": 4000,
      "price_high": 9000,
      "avg_price": 6500,
      "specialty": "Regenerative Orthopedics",
      "featured": false,
      "verified": true,
      "url": "/locations/california/sacramento/sacramento-stem-cell-treatment.html",
      "keywords": [
        "stem cell therapy sacramento",
        "sacramento stem cell treatment stem cell",
        "regenerative medicine sacramento"
      ]
    },
    {
      "id": "clinic-024",
      "name": "UC Davis Health Orthopedics",
      "slug": "uc-davis-health-orthopedics",
      "state": "california",
      "city": "sacramento",
      "address": "4860 Y St #3800, Sacramento, CA 95817",
      "phone": "",
      "price_low": 5000,
      "price_high": 12000,
      "avg_price": 8500,
      "specialty": "Academic Regenerative Medicine",
      "featured": true,
      "verified": true,
      "url": "/locations/california/sacramento/uc-davis-health-orthopedics.html",
      "keywords": [
        "stem cell therapy sacramento",
        "uc davis health orthopedics stem cell",
        "regenerative medicine sacramento"
      ]
    },
    {
      "id": "clinic-015",
      "name": "Regenerative Institute of Newport Beach",
      "slug": "regenerative-institute-of-newport-beach",
      "state": "california",
      "city": "san-diego",
      "address": "4150 Regents Park Row #365, La Jolla, CA 92037",
      "phone": "",
      "price_low": 5000,
      "price_high": 12000,
      "avg_price": 8500,
      "specialty": "Stem Cell Therapy",
      "featured": true,
      "verified": true,
      "url": "/locations/california/san-diego/regenerative-institute-of-newport-beach.html",
      "keywords": [
        "stem cell therapy san diego",
        "regenerative institute of newport beach stem cell",
        "regenerative medicine san diego"
      ]
    },
    {
      "id": "clinic-014",
      "name": "San Diego Orthobiologics Medical Group",
      "slug": "san-diego-orthobiologics-medical-group",
      "state": "california",
      "city": "san-diego",
      "address": "6699 Alvarado Rd #2301, San Diego, CA 92120",
      "phone": "",
      "price_low": 4000,
      "price_high": 9000,
      "avg_price": 6500,
      "specialty": "Regenerative Orthopedics",
      "featured": true,
      "verified": true,
      "url": "/locations/california/san-diego/san-diego-orthobiologics-medical-group.html",
      "keywords": [
        "stem cell therapy san diego",
        "san diego orthobiologics medical group stem cell",
        "regenerative medicine san diego"
      ]
    },
    {
      "id": "clinic-016",
      "name": "San Diego Sports Medicine",
      "slug": "san-diego-sports-medicine",
      "state": "california",
      "city": "san-diego",
      "address": "5550 Grossmont Center Dr, La Mesa, CA 91942",
      "phone": "",
      "price_low": 3500,
      "price_high": 8000,
      "avg_price": 5750,
      "specialty": "Sports Regenerative Medicine",
      "featured": false,
      "verified": true,
      "url": "/locations/california/san-diego/san-diego-sports-medicine.html",
      "keywords": [
        "stem cell therapy san diego",
        "san diego sports medicine stem cell",
        "regenerative medicine san diego"
      ]
    },
    {
      "id": "clinic-021",
      "name": "Pacific Heights Orthopedics",
      "slug": "pacific-heights-orthopedics",
      "state": "california",
      "city": "san-francisco",
      "address": "2100 Webster St #422, San Francisco, CA 94115",
      "phone": "",
      "price_low": 4000,
      "price_high": 9000,
      "avg_price": 6500,
      "specialty": "Sports Medicine & PRP",
      "featured": false,
      "verified": true,
      "url": "/locations/california/san-francisco/pacific-heights-orthopedics.html",
      "keywords": [
        "stem cell therapy san francisco",
        "pacific heights orthopedics stem cell",
        "regenerative medicine san francisco"
      ]
    },
    {
      "id": "clinic-020",
      "name": "San Francisco Stem Cell Treatment Center",
      "slug": "san-francisco-stem-cell-treatment-center",
      "state": "california",
      "city": "san-francisco",
      "address": "450 Sutter St #840, San Francisco, CA 94108",
      "phone": "",
      "price_low": 5000,
      "price_high": 12000,
      "avg_price": 8500,
      "specialty": "Regenerative Orthopedics",
      "featured": true,
      "verified": true,
      "url": "/locations/california/san-francisco/san-francisco-stem-cell-treatment-center.html",
      "keywords": [
        "stem cell therapy san francisco",
        "san francisco stem cell treatment center stem cell",
        "regenerative medicine san francisco"
      ]
    },
    {
      "id": "clinic-019",
      "name": "UCSF Orthopedic Institute",
      "slug": "ucsf-orthopedic-institute",
      "state": "california",
      "city": "san-francisco",
      "address": "1500 Owens St, San Francisco, CA 94158",
      "phone": "",
      "price_low": 6000,
      "price_high": 15000,
      "avg_price": 10500,
      "specialty": "Academic Regenerative Medicine",
      "featured": true,
      "verified": true,
      "url": "/locations/california/san-francisco/ucsf-orthopedic-institute.html",
      "keywords": [
        "stem cell therapy san francisco",
        "ucsf orthopedic institute stem cell",
        "regenerative medicine san francisco"
      ]
    },
    {
      "id": "clinic-018",
      "name": "Bay Area Stem Cell Associates",
      "slug": "bay-area-stem-cell-associates",
      "state": "california",
      "city": "san-jose",
      "address": "15400 Los Gatos Blvd, Los Gatos, CA 95032",
      "phone": "",
      "price_low": 4500,
      "price_high": 10000,
      "avg_price": 7250,
      "specialty": "Stem Cell Therapy",
      "featured": false,
      "verified": true,
      "url": "/locations/california/san-jose/bay-area-stem-cell-associates.html",
      "keywords": [
        "stem cell therapy san jose",
        "bay area stem cell associates stem cell",
        "regenerative medicine san jose"
      ]
    },
    {
      "id": "clinic-017",
      "name": "Silicon Valley Orthopedics",
      "slug": "silicon-valley-orthopedics",
      "state": "california",
      "city": "san-jose",
      "address": "2500 Hospital Dr, Mountain View, CA 94040",
      "phone": "",
      "price_low": 5000,
      "price_high": 12000,
      "avg_price": 8500,
      "specialty": "Orthopedic Regenerative Medicine",
      "featured": true,
      "verified": true,
      "url": "/locations/california/san-jose/silicon-valley-orthopedics.html",
      "keywords": [
        "stem cell therapy san jose",
        "silicon valley orthopedics stem cell",
        "regenerative medicine san jose"
      ]
    },
    {
      "id": "clinic-027",
      "name": "Colorado Center for Orthopedic Excellence",
      "slug": "colorado-center-for-orthopedic-excellence",
      "state": "colorado",
      "city": "denver",
      "address": "2535 S Downing St #100, Denver, CO 80210",
      "phone": "",
      "price_low": 4000,
      "price_high": 10000,
      "avg_price": 7000,
      "specialty": "Orthopedic Stem Cell Therapy",
      "featured": true,
      "verified": true,
      "url": "/locations/colorado/denver/colorado-center-for-orthopedic-excellence.html",
      "keywords": [
        "stem cell therapy denver",
        "colorado center for orthopedic excellence stem cell",
        "regenerative medicine denver"
      ]
    },
    {
      "id": "clinic-026",
      "name": "Denver Stem Cell Center",
      "slug": "denver-stem-cell-center",
      "state": "colorado",
      "city": "denver",
      "address": "799 E Hampden Ave #500, Englewood, CO 80113",
      "phone": "",
      "price_low": 4500,
      "price_high": 12000,
      "avg_price": 8250,
      "specialty": "Regenerative Medicine",
      "featured": true,
      "verified": true,
      "url": "/locations/colorado/denver/denver-stem-cell-center.html",
      "keywords": [
        "stem cell therapy denver",
        "denver stem cell center stem cell",
        "regenerative medicine denver"
      ]
    },
    {
      "id": "clinic-028",
      "name": "Steadman Clinic",
      "slug": "steadman-clinic",
      "state": "colorado",
      "city": "denver",
      "address": "181 W Meadow Dr #400, Vail, CO 81657",
      "phone": "",
      "price_low": 8000,
      "price_high": 25000,
      "avg_price": 16500,
      "specialty": "Elite Sports Medicine",
      "featured": true,
      "verified": true,
      "url": "/locations/colorado/denver/steadman-clinic.html",
      "keywords": [
        "stem cell therapy denver",
        "steadman clinic stem cell",
        "regenerative medicine denver"
      ]
    },
    {
      "id": "clinic-030",
      "name": "First Coast Orthopedics",
      "slug": "first-coast-orthopedics",
      "state": "florida",
      "city": "jacksonville",
      "address": "836 Prudential Dr #1400, Jacksonville, FL 32207",
      "phone": "",
      "price_low": 3500,
      "price_high": 9000,
      "avg_price": 6250,
      "specialty": "Orthopedic Stem Cell Therapy",
      "featured": false,
      "verified": true,
      "url": "/locations/florida/jacksonville/first-coast-orthopedics.html",
      "keywords": [
        "stem cell therapy jacksonville",
        "first coast orthopedics stem cell",
        "regenerative medicine jacksonville"
      ]
    },
    {
      "id": "clinic-029",
      "name": "Jacksonville Stem Cell Center",
      "slug": "jacksonville-stem-cell-center",
      "state": "florida",
      "city": "jacksonville",
      "address": "4500 San Pablo Rd S, Jacksonville, FL 32224",
      "phone": "",
      "price_low": 4000,
      "price_high": 10000,
      "avg_price": 7000,
      "specialty": "Regenerative Medicine",
      "featured": true,
      "verified": true,
      "url": "/locations/florida/jacksonville/jacksonville-stem-cell-center.html",
      "keywords": [
        "stem cell therapy jacksonville",
        "jacksonville stem cell center stem cell",
        "regenerative medicine jacksonville"
      ]
    },
    {
      "id": "clinic-031",
      "name": "Miami Stem Cell Treatment Center",
      "slug": "miami-stem-cell-treatment-center",
      "state": "florida",
      "city": "miami",
      "address": "1150 NW 14th St #300, Miami, FL 33136",
      "phone": "",
      "price_low": 5000,
      "price_high": 15000,
      "avg_price": 10000,
      "specialty": "Regenerative Orthopedics",
      "featured": true,
      "verified": true,
      "url": "/locations/florida/miami/miami-stem-cell-treatment-center.html",
      "keywords": [
        "stem cell therapy miami",
        "miami stem cell treatment center stem cell",
        "regenerative medicine miami"
      ]
    },
    {
      "id": "clinic-033",
      "name": "South Florida Orthopedics",
      "slug": "south-florida-orthopedics",
      "state": "florida",
      "city": "miami",
      "address": "8940 N Kendall Dr #903E, Miami, FL 33176",
      "phone": "",
      "price_low": 4500,
      "price_high": 12000,
      "avg_price": 8250,
      "specialty": "Joint Regeneration",
      "featured": false,
      "verified": true,
      "url": "/locations/florida/miami/south-florida-orthopedics.html",
      "keywords": [
        "stem cell therapy miami",
        "south florida orthopedics stem cell",
        "regenerative medicine miami"
      ]
    },
    {
      "id": "clinic-032",
      "name": "University of Miami Sports Medicine",
      "slug": "university-of-miami-sports-medicine",
      "state": "florida",
      "city": "miami",
      "address": "1400 NW 12th Ave, Miami, FL 33136",
      "phone": "",
      "price_low": 6000,
      "price_high": 18000,
      "avg_price": 12000,
      "specialty": "Academic Sports Medicine",
      "featured": true,
      "verified": true,
      "url": "/locations/florida/miami/university-of-miami-sports-medicine.html",
      "keywords": [
        "stem cell therapy miami",
        "university of miami sports medicine stem cell",
        "regenerative medicine miami"
      ]
    },
    {
      "id": "clinic-037",
      "name": "Orlando Health Orthopedics",
      "slug": "orlando-health-orthopedics",
      "state": "florida",
      "city": "orlando",
      "address": "1414 Kuhl Ave, Orlando, FL 32806",
      "phone": "",
      "price_low": 4500,
      "price_high": 12000,
      "avg_price": 8250,
      "specialty": "Sports Medicine & PRP",
      "featured": false,
      "verified": true,
      "url": "/locations/florida/orlando/orlando-health-orthopedics.html",
      "keywords": [
        "stem cell therapy orlando",
        "orlando health orthopedics stem cell",
        "regenerative medicine orlando"
      ]
    },
    {
      "id": "clinic-036",
      "name": "Orlando Stem Cell Treatment Center",
      "slug": "orlando-stem-cell-treatment-center",
      "state": "florida",
      "city": "orlando",
      "address": "1222 S Orange Ave, Orlando, FL 32806",
      "phone": "",
      "price_low": 4000,
      "price_high": 11000,
      "avg_price": 7500,
      "specialty": "Regenerative Orthopedics",
      "featured": true,
      "verified": true,
      "url": "/locations/florida/orlando/orlando-stem-cell-treatment-center.html",
      "keywords": [
        "stem cell therapy orlando",
        "orlando stem cell treatment center stem cell",
        "regenerative medicine orlando"
      ]
    },
    {
      "id": "clinic-035",
      "name": "Florida Orthopedic Institute",
      "slug": "florida-orthopedic-institute",
      "state": "florida",
      "city": "tampa",
      "address": "13020 N Telecom Pkwy, Temple Terrace, FL 33637",
      "phone": "",
      "price_low": 4000,
      "price_high": 10000,
      "avg_price": 7000,
      "specialty": "Orthopedic Stem Cell Therapy",
      "featured": true,
      "verified": true,
      "url": "/locations/florida/tampa/florida-orthopedic-institute.html",
      "keywords": [
        "stem cell therapy tampa",
        "florida orthopedic institute stem cell",
        "regenerative medicine tampa"
      ]
    },
    {
      "id": "clinic-034",
      "name": "Tampa Bay Stem Cell Center",
      "slug": "tampa-bay-stem-cell-center",
      "state": "florida",
      "city": "tampa",
      "address": "2 Tampa General Cir, Tampa, FL 33606",
      "phone": "",
      "price_low": 4500,
      "price_high": 12000,
      "avg_price": 8250,
      "specialty": "Regenerative Medicine",
      "featured": true,
      "verified": true,
      "url": "/locations/florida/tampa/tampa-bay-stem-cell-center.html",
      "keywords": [
        "stem cell therapy tampa",
        "tampa bay stem cell center stem cell",
        "regenerative medicine tampa"
      ]
    },
    {
      "id": "clinic-039",
      "name": "Atlanta Stem Cell Treatment Center",
      "slug": "atlanta-stem-cell-treatment-center",
      "state": "georgia",
      "city": "atlanta",
      "address": "5673 Peachtree Dunwoody Rd #850, Atlanta, GA 30342",
      "phone": "",
      "price_low": 4000,
      "price_high": 10000,
      "avg_price": 7000,
      "specialty": "Regenerative Orthopedics",
      "featured": true,
      "verified": true,
      "url": "/locations/georgia/atlanta/atlanta-stem-cell-treatment-center.html",
      "keywords": [
        "stem cell therapy atlanta",
        "atlanta stem cell treatment center stem cell",
        "regenerative medicine atlanta"
      ]
    },
    {
      "id": "clinic-038",
      "name": "Emory Orthopedics & Spine Center",
      "slug": "emory-orthopedics-spine-center",
      "state": "georgia",
      "city": "atlanta",
      "address": "59 Executive Park S NE, Atlanta, GA 30329",
      "phone": "",
      "price_low": 5000,
      "price_high": 15000,
      "avg_price": 10000,
      "specialty": "Academic Regenerative Medicine",
      "featured": true,
      "verified": true,
      "url": "/locations/georgia/atlanta/emory-orthopedics-spine-center.html",
      "keywords": [
        "stem cell therapy atlanta",
        "emory orthopedics & spine center stem cell",
        "regenerative medicine atlanta"
      ]
    },
    {
      "id": "clinic-040",
      "name": "Hawaii Pacific Health Orthopedics",
      "slug": "hawaii-pacific-health-orthopedics",
      "state": "hawaii",
      "city": "honolulu",
      "address": "1380 Lusitana St, Honolulu, HI 96813",
      "phone": "",
      "price_low": 5500,
      "price_high": 15000,
      "avg_price": 10250,
      "specialty": "Island Regenerative Medicine",
      "featured": true,
      "verified": true,
      "url": "/locations/hawaii/honolulu/hawaii-pacific-health-orthopedics.html",
      "keywords": [
        "stem cell therapy honolulu",
        "hawaii pacific health orthopedics stem cell",
        "regenerative medicine honolulu"
      ]
    },
    {
      "id": "clinic-041",
      "name": "St. Luke's Orthopedics",
      "slug": "st-lukes-orthopedics",
      "state": "idaho",
      "city": "boise",
      "address": "190 E Bannock St, Boise, ID 83712",
      "phone": "",
      "price_low": 4000,
      "price_high": 11000,
      "avg_price": 7500,
      "specialty": "Regional Regenerative Medicine",
      "featured": true,
      "verified": true,
      "url": "/locations/idaho/boise/st-lukes-orthopedics.html",
      "keywords": [
        "stem cell therapy boise",
        "st. luke's orthopedics stem cell",
        "regenerative medicine boise"
      ]
    },
    {
      "id": "clinic-043",
      "name": "Chicago Stem Cell Treatment Center",
      "slug": "chicago-stem-cell-treatment-center",
      "state": "illinois",
      "city": "chicago",
      "address": "680 N Lake Shore Dr #930, Chicago, IL 60611",
      "phone": "",
      "price_low": 5000,
      "price_high": 12000,
      "avg_price": 8500,
      "specialty": "Regenerative Medicine",
      "featured": true,
      "verified": true,
      "url": "/locations/illinois/chicago/chicago-stem-cell-treatment-center.html",
      "keywords": [
        "stem cell therapy chicago",
        "chicago stem cell treatment center stem cell",
        "regenerative medicine chicago"
      ]
    },
    {
      "id": "clinic-044",
      "name": "Midwest Orthopedics at Rush",
      "slug": "midwest-orthopedics-at-rush",
      "state": "illinois",
      "city": "chicago",
      "address": "1611 W Harrison St #300, Chicago, IL 60612",
      "phone": "",
      "price_low": 4500,
      "price_high": 10000,
      "avg_price": 7250,
      "specialty": "Sports Medicine & PRP",
      "featured": false,
      "verified": true,
      "url": "/locations/illinois/chicago/midwest-orthopedics-at-rush.html",
      "keywords": [
        "stem cell therapy chicago",
        "midwest orthopedics at rush stem cell",
        "regenerative medicine chicago"
      ]
    },
    {
      "id": "clinic-042",
      "name": "Rush University Medical Center",
      "slug": "rush-university-medical-center",
      "state": "illinois",
      "city": "chicago",
      "address": "1611 W Harrison St, Chicago, IL 60612",
      "phone": "",
      "price_low": 6000,
      "price_high": 18000,
      "avg_price": 12000,
      "specialty": "Academic Orthopedic Excellence",
      "featured": true,
      "verified": true,
      "url": "/locations/illinois/chicago/rush-university-medical-center.html",
      "keywords": [
        "stem cell therapy chicago",
        "rush university medical center stem cell",
        "regenerative medicine chicago"
      ]
    },
    {
      "id": "clinic-045",
      "name": "IU Health Orthopedics",
      "slug": "iu-health-orthopedics",
      "state": "indiana",
      "city": "indianapolis",
      "address": "1801 N Senate Blvd, Indianapolis, IN 46202",
      "phone": "",
      "price_low": 5000,
      "price_high": 14000,
      "avg_price": 9500,
      "specialty": "Academic Regenerative Medicine",
      "featured": true,
      "verified": true,
      "url": "/locations/indiana/indianapolis/iu-health-orthopedics.html",
      "keywords": [
        "stem cell therapy indianapolis",
        "iu health orthopedics stem cell",
        "regenerative medicine indianapolis"
      ]
    },
    {
      "id": "clinic-046",
      "name": "Indianapolis Stem Cell Treatment Center",
      "slug": "indianapolis-stem-cell-treatment-center",
      "state": "indiana",
      "city": "indianapolis",
      "address": "8402 Harcourt Rd #100, Indianapolis, IN 46260",
      "phone": "",
      "price_low": 4000,
      "price_high": 10000,
      "avg_price": 7000,
      "specialty": "Regenerative Orthopedics",
      "featured": false,
      "verified": true,
      "url": "/locations/indiana/indianapolis/indianapolis-stem-cell-treatment-center.html",
      "keywords": [
        "stem cell therapy indianapolis",
        "indianapolis stem cell treatment center stem cell",
        "regenerative medicine indianapolis"
      ]
    },
    {
      "id": "clinic-047",
      "name": "UofL Health Orthopedics",
      "slug": "uofl-health-orthopedics",
      "state": "kentucky",
      "city": "louisville",
      "address": "530 S Jackson St, Louisville, KY 40202",
      "phone": "",
      "price_low": 4500,
      "price_high": 12000,
      "avg_price": 8250,
      "specialty": "Academic Regenerative Medicine",
      "featured": true,
      "verified": true,
      "url": "/locations/kentucky/louisville/uofl-health-orthopedics.html",
      "keywords": [
        "stem cell therapy louisville",
        "uofl health orthopedics stem cell",
        "regenerative medicine louisville"
      ]
    },
    {
      "id": "clinic-049",
      "name": "Baltimore Stem Cell Treatment Center",
      "slug": "baltimore-stem-cell-treatment-center",
      "state": "maryland",
      "city": "baltimore",
      "address": "100 E Pratt St #2500, Baltimore, MD 21202",
      "phone": "",
      "price_low": 5000,
      "price_high": 12000,
      "avg_price": 8500,
      "specialty": "Regenerative Orthopedics",
      "featured": true,
      "verified": true,
      "url": "/locations/maryland/baltimore/baltimore-stem-cell-treatment-center.html",
      "keywords": [
        "stem cell therapy baltimore",
        "baltimore stem cell treatment center stem cell",
        "regenerative medicine baltimore"
      ]
    },
    {
      "id": "clinic-048",
      "name": "Johns Hopkins Orthopedics",
      "slug": "johns-hopkins-orthopedics",
      "state": "maryland",
      "city": "baltimore",
      "address": "601 N Caroline St, Baltimore, MD 21287",
      "phone": "",
      "price_low": 7000,
      "price_high": 20000,
      "avg_price": 13500,
      "specialty": "World-Class Academic Medicine",
      "featured": true,
      "verified": true,
      "url": "/locations/maryland/baltimore/johns-hopkins-orthopedics.html",
      "keywords": [
        "stem cell therapy baltimore",
        "johns hopkins orthopedics stem cell",
        "regenerative medicine baltimore"
      ]
    },
    {
      "id": "clinic-051",
      "name": "Boston Stem Cell Treatment Center",
      "slug": "boston-stem-cell-treatment-center",
      "state": "massachusetts",
      "city": "boston",
      "address": "800 Boylston St #1600, Boston, MA 02199",
      "phone": "",
      "price_low": 5500,
      "price_high": 14000,
      "avg_price": 9750,
      "specialty": "Regenerative Orthopedics",
      "featured": true,
      "verified": true,
      "url": "/locations/massachusetts/boston/boston-stem-cell-treatment-center.html",
      "keywords": [
        "stem cell therapy boston",
        "boston stem cell treatment center stem cell",
        "regenerative medicine boston"
      ]
    },
    {
      "id": "clinic-050",
      "name": "Massachusetts General Hospital",
      "slug": "massachusetts-general-hospital",
      "state": "massachusetts",
      "city": "boston",
      "address": "55 Fruit St, Boston, MA 02114",
      "phone": "",
      "price_low": 7000,
      "price_high": 20000,
      "avg_price": 13500,
      "specialty": "Academic Regenerative Medicine",
      "featured": true,
      "verified": true,
      "url": "/locations/massachusetts/boston/massachusetts-general-hospital.html",
      "keywords": [
        "stem cell therapy boston",
        "massachusetts general hospital stem cell",
        "regenerative medicine boston"
      ]
    },
    {
      "id": "clinic-053",
      "name": "Detroit Stem Cell Treatment Center",
      "slug": "detroit-stem-cell-treatment-center",
      "state": "michigan",
      "city": "detroit",
      "address": "26850 Providence Pkwy, Novi, MI 48374",
      "phone": "",
      "price_low": 4000,
      "price_high": 10000,
      "avg_price": 7000,
      "specialty": "Regenerative Orthopedics",
      "featured": false,
      "verified": true,
      "url": "/locations/michigan/detroit/detroit-stem-cell-treatment-center.html",
      "keywords": [
        "stem cell therapy detroit",
        "detroit stem cell treatment center stem cell",
        "regenerative medicine detroit"
      ]
    },
    {
      "id": "clinic-052",
      "name": "Henry Ford Health",
      "slug": "henry-ford-health",
      "state": "michigan",
      "city": "detroit",
      "address": "2799 W Grand Blvd, Detroit, MI 48202",
      "phone": "",
      "price_low": 5000,
      "price_high": 14000,
      "avg_price": 9500,
      "specialty": "Academic Regenerative Medicine",
      "featured": true,
      "verified": true,
      "url": "/locations/michigan/detroit/henry-ford-health.html",
      "keywords": [
        "stem cell therapy detroit",
        "henry ford health stem cell",
        "regenerative medicine detroit"
      ]
    },
    {
      "id": "clinic-054",
      "name": "Mayo Clinic Rochester",
      "slug": "mayo-clinic-rochester",
      "state": "minnesota",
      "city": "minneapolis",
      "address": "200 First St SW, Rochester, MN 55905",
      "phone": "",
      "price_low": 8000,
      "price_high": 25000,
      "avg_price": 16500,
      "specialty": "World-Class Medical Care",
      "featured": true,
      "verified": true,
      "url": "/locations/minnesota/minneapolis/mayo-clinic-rochester.html",
      "keywords": [
        "stem cell therapy minneapolis",
        "mayo clinic rochester stem cell",
        "regenerative medicine minneapolis"
      ]
    },
    {
      "id": "clinic-055",
      "name": "Minneapolis Stem Cell Treatment Center",
      "slug": "minneapolis-stem-cell-treatment-center",
      "state": "minnesota",
      "city": "minneapolis",
      "address": "825 S 8th St #200, Minneapolis, MN 55404",
      "phone": "",
      "price_low": 4500,
      "price_high": 11000,
      "avg_price": 7750,
      "specialty": "Regenerative Medicine",
      "featured": true,
      "verified": true,
      "url": "/locations/minnesota/minneapolis/minneapolis-stem-cell-treatment-center.html",
      "keywords": [
        "stem cell therapy minneapolis",
        "minneapolis stem cell treatment center stem cell",
        "regenerative medicine minneapolis"
      ]
    },
    {
      "id": "clinic-058",
      "name": "Kansas City Stem Cell Treatment Center",
      "slug": "kansas-city-stem-cell-treatment-center",
      "state": "missouri",
      "city": "kansas-city",
      "address": "4320 Wornall Rd #200, Kansas City, MO 64111",
      "phone": "",
      "price_low": 4000,
      "price_high": 10000,
      "avg_price": 7000,
      "specialty": "Regenerative Medicine",
      "featured": true,
      "verified": true,
      "url": "/locations/missouri/kansas-city/kansas-city-stem-cell-treatment-center.html",
      "keywords": [
        "stem cell therapy kansas city",
        "kansas city stem cell treatment center stem cell",
        "regenerative medicine kansas city"
      ]
    },
    {
      "id": "clinic-057",
      "name": "St. Louis Stem Cell Treatment Center",
      "slug": "st-louis-stem-cell-treatment-center",
      "state": "missouri",
      "city": "st-louis",
      "address": "1034 S Brentwood Blvd #1500, St. Louis, MO 63117",
      "phone": "",
      "price_low": 4000,
      "price_high": 10000,
      "avg_price": 7000,
      "specialty": "Regenerative Orthopedics",
      "featured": false,
      "verified": true,
      "url": "/locations/missouri/st-louis/st-louis-stem-cell-treatment-center.html",
      "keywords": [
        "stem cell therapy st louis",
        "st. louis stem cell treatment center stem cell",
        "regenerative medicine st louis"
      ]
    },
    {
      "id": "clinic-056",
      "name": "Washington University Orthopedics",
      "slug": "washington-university-orthopedics",
      "state": "missouri",
      "city": "st-louis",
      "address": "660 S Euclid Ave, St. Louis, MO 63110",
      "phone": "",
      "price_low": 5000,
      "price_high": 14000,
      "avg_price": 9500,
      "specialty": "Academic Regenerative Medicine",
      "featured": true,
      "verified": true,
      "url": "/locations/missouri/st-louis/washington-university-orthopedics.html",
      "keywords": [
        "stem cell therapy st louis",
        "washington university orthopedics stem cell",
        "regenerative medicine st louis"
      ]
    },
    {
      "id": "clinic-059",
      "name": "Las Vegas Stem Cell Treatment Center",
      "slug": "las-vegas-stem-cell-treatment-center",
      "state": "nevada",
      "city": "las-vegas",
      "address": "2020 Palomino Ln #100, Las Vegas, NV 89106",
      "phone": "",
      "price_low": 4000,
      "price_high": 10000,
      "avg_price": 7000,
      "specialty": "Regenerative Medicine",
      "featured": true,
      "verified": true,
      "url": "/locations/nevada/las-vegas/las-vegas-stem-cell-treatment-center.html",
      "keywords": [
        "stem cell therapy las vegas",
        "las vegas stem cell treatment center stem cell",
        "regenerative medicine las vegas"
      ]
    },
    {
      "id": "clinic-060",
      "name": "Nevada Orthopedic & Spine Center",
      "slug": "nevada-orthopedic-spine-center",
      "state": "nevada",
      "city": "las-vegas",
      "address": "2800 E Desert Inn Rd #100, Las Vegas, NV 89121",
      "phone": "",
      "price_low": 3500,
      "price_high": 9000,
      "avg_price": 6250,
      "specialty": "Orthopedic Stem Cell Therapy",
      "featured": false,
      "verified": true,
      "url": "/locations/nevada/las-vegas/nevada-orthopedic-spine-center.html",
      "keywords": [
        "stem cell therapy las vegas",
        "nevada orthopedic & spine center stem cell",
        "regenerative medicine las vegas"
      ]
    },
    {
      "id": "clinic-061",
      "name": "UNM Health Orthopedics",
      "slug": "unm-health-orthopedics",
      "state": "new-mexico",
      "city": "albuquerque",
      "address": "2211 Lomas Blvd NE, Albuquerque, NM 87106",
      "phone": "",
      "price_low": 4000,
      "price_high": 11000,
      "avg_price": 7500,
      "specialty": "Academic Regenerative Medicine",
      "featured": true,
      "verified": true,
      "url": "/locations/new-mexico/albuquerque/unm-health-orthopedics.html",
      "keywords": [
        "stem cell therapy albuquerque",
        "unm health orthopedics stem cell",
        "regenerative medicine albuquerque"
      ]
    },
    {
      "id": "clinic-062",
      "name": "Hospital for Special Surgery",
      "slug": "hospital-for-special-surgery",
      "state": "new-york",
      "city": "new-york-city",
      "address": "535 E 70th St, New York, NY 10021",
      "phone": "",
      "price_low": 8000,
      "price_high": 25000,
      "avg_price": 16500,
      "specialty": "Academic Orthopedic Excellence",
      "featured": true,
      "verified": true,
      "url": "/locations/new-york/new-york-city/hospital-for-special-surgery.html",
      "keywords": [
        "stem cell therapy new york city",
        "hospital for special surgery stem cell",
        "regenerative medicine new york city"
      ]
    },
    {
      "id": "clinic-064",
      "name": "Manhattan Orthopedic Care",
      "slug": "manhattan-orthopedic-care",
      "state": "new-york",
      "city": "new-york-city",
      "address": "121 E 60th St #1C, New York, NY 10022",
      "phone": "",
      "price_low": 5000,
      "price_high": 12000,
      "avg_price": 8500,
      "specialty": "Sports Medicine & PRP",
      "featured": false,
      "verified": true,
      "url": "/locations/new-york/new-york-city/manhattan-orthopedic-care.html",
      "keywords": [
        "stem cell therapy new york city",
        "manhattan orthopedic care stem cell",
        "regenerative medicine new york city"
      ]
    },
    {
      "id": "clinic-063",
      "name": "NYC Stem Cell Treatment Center",
      "slug": "nyc-stem-cell-treatment-center",
      "state": "new-york",
      "city": "new-york-city",
      "address": "635 Madison Ave #1400, New York, NY 10022",
      "phone": "",
      "price_low": 6000,
      "price_high": 15000,
      "avg_price": 10500,
      "specialty": "Regenerative Medicine",
      "featured": true,
      "verified": true,
      "url": "/locations/new-york/new-york-city/nyc-stem-cell-treatment-center.html",
      "keywords": [
        "stem cell therapy new york city",
        "nyc stem cell treatment center stem cell",
        "regenerative medicine new york city"
      ]
    },
    {
      "id": "clinic-065",
      "name": "Atrium Health Orthopedics",
      "slug": "atrium-health-orthopedics",
      "state": "north-carolina",
      "city": "charlotte",
      "address": "1000 Blythe Blvd, Charlotte, NC 28203",
      "phone": "",
      "price_low": 5000,
      "price_high": 14000,
      "avg_price": 9500,
      "specialty": "Academic Regenerative Medicine",
      "featured": true,
      "verified": true,
      "url": "/locations/north-carolina/charlotte/atrium-health-orthopedics.html",
      "keywords": [
        "stem cell therapy charlotte",
        "atrium health orthopedics stem cell",
        "regenerative medicine charlotte"
      ]
    },
    {
      "id": "clinic-066",
      "name": "Charlotte Stem Cell Treatment Center",
      "slug": "charlotte-stem-cell-treatment-center",
      "state": "north-carolina",
      "city": "charlotte",
      "address": "1915 Randolph Rd #200, Charlotte, NC 28207",
      "phone": "",
      "price_low": 4000,
      "price_high": 10000,
      "avg_price": 7000,
      "specialty": "Regenerative Orthopedics",
      "featured": true,
      "verified": true,
      "url": "/locations/north-carolina/charlotte/charlotte-stem-cell-treatment-center.html",
      "keywords": [
        "stem cell therapy charlotte",
        "charlotte stem cell treatment center stem cell",
        "regenerative medicine charlotte"
      ]
    },
    {
      "id": "clinic-067",
      "name": "Duke Orthopedics Raleigh",
      "slug": "duke-orthopedics-raleigh",
      "state": "north-carolina",
      "city": "raleigh",
      "address": "3480 Wake Forest Rd #600, Raleigh, NC 27609",
      "phone": "",
      "price_low": 5000,
      "price_high": 14000,
      "avg_price": 9500,
      "specialty": "Academic Regenerative Medicine",
      "featured": true,
      "verified": true,
      "url": "/locations/north-carolina/raleigh/duke-orthopedics-raleigh.html",
      "keywords": [
        "stem cell therapy raleigh",
        "duke orthopedics raleigh stem cell",
        "regenerative medicine raleigh"
      ]
    },
    {
      "id": "clinic-072",
      "name": "Cincinnati Stem Cell Treatment Center",
      "slug": "cincinnati-stem-cell-treatment-center",
      "state": "ohio",
      "city": "cincinnati",
      "address": "222 Piedmont Ave #8300, Cincinnati, OH 45219",
      "phone": "",
      "price_low": 4000,
      "price_high": 10000,
      "avg_price": 7000,
      "specialty": "Regenerative Orthopedics",
      "featured": true,
      "verified": true,
      "url": "/locations/ohio/cincinnati/cincinnati-stem-cell-treatment-center.html",
      "keywords": [
        "stem cell therapy cincinnati",
        "cincinnati stem cell treatment center stem cell",
        "regenerative medicine cincinnati"
      ]
    },
    {
      "id": "clinic-070",
      "name": "Cleveland Clinic",
      "slug": "cleveland-clinic",
      "state": "ohio",
      "city": "cleveland",
      "address": "9500 Euclid Ave, Cleveland, OH 44195",
      "phone": "",
      "price_low": 6000,
      "price_high": 18000,
      "avg_price": 12000,
      "specialty": "World-Class Orthopedic Care",
      "featured": true,
      "verified": true,
      "url": "/locations/ohio/cleveland/cleveland-clinic.html",
      "keywords": [
        "stem cell therapy cleveland",
        "cleveland clinic stem cell",
        "regenerative medicine cleveland"
      ]
    },
    {
      "id": "clinic-071",
      "name": "Cleveland Stem Cell Treatment Center",
      "slug": "cleveland-stem-cell-treatment-center",
      "state": "ohio",
      "city": "cleveland",
      "address": "25501 Chagrin Blvd #200, Beachwood, OH 44122",
      "phone": "",
      "price_low": 4500,
      "price_high": 11000,
      "avg_price": 7750,
      "specialty": "Regenerative Medicine",
      "featured": true,
      "verified": true,
      "url": "/locations/ohio/cleveland/cleveland-stem-cell-treatment-center.html",
      "keywords": [
        "stem cell therapy cleveland",
        "cleveland stem cell treatment center stem cell",
        "regenerative medicine cleveland"
      ]
    },
    {
      "id": "clinic-069",
      "name": "Columbus Stem Cell Treatment Center",
      "slug": "columbus-stem-cell-treatment-center",
      "state": "ohio",
      "city": "columbus",
      "address": "300 E Town St #200, Columbus, OH 43215",
      "phone": "",
      "price_low": 4000,
      "price_high": 10000,
      "avg_price": 7000,
      "specialty": "Regenerative Orthopedics",
      "featured": false,
      "verified": true,
      "url": "/locations/ohio/columbus/columbus-stem-cell-treatment-center.html",
      "keywords": [
        "stem cell therapy columbus",
        "columbus stem cell treatment center stem cell",
        "regenerative medicine columbus"
      ]
    },
    {
      "id": "clinic-068",
      "name": "Ohio State Wexner Medical Center",
      "slug": "ohio-state-wexner-medical-center",
      "state": "ohio",
      "city": "columbus",
      "address": "410 W 10th Ave, Columbus, OH 43210",
      "phone": "",
      "price_low": 5000,
      "price_high": 14000,
      "avg_price": 9500,
      "specialty": "Academic Regenerative Medicine",
      "featured": true,
      "verified": true,
      "url": "/locations/ohio/columbus/ohio-state-wexner-medical-center.html",
      "keywords": [
        "stem cell therapy columbus",
        "ohio state wexner medical center stem cell",
        "regenerative medicine columbus"
      ]
    },
    {
      "id": "clinic-073",
      "name": "OU Health Orthopedics",
      "slug": "ou-health-orthopedics",
      "state": "oklahoma",
      "city": "oklahoma-city",
      "address": "700 NE 13th St, Oklahoma City, OK 73104",
      "phone": "",
      "price_low": 4000,
      "price_high": 11000,
      "avg_price": 7500,
      "specialty": "Academic Regenerative Medicine",
      "featured": true,
      "verified": true,
      "url": "/locations/oklahoma/oklahoma-city/ou-health-orthopedics.html",
      "keywords": [
        "stem cell therapy oklahoma city",
        "ou health orthopedics stem cell",
        "regenerative medicine oklahoma city"
      ]
    },
    {
      "id": "clinic-074",
      "name": "OHSU Orthopedics",
      "slug": "ohsu-orthopedics",
      "state": "oregon",
      "city": "portland",
      "address": "3181 SW Sam Jackson Park Rd, Portland, OR 97239",
      "phone": "",
      "price_low": 5000,
      "price_high": 14000,
      "avg_price": 9500,
      "specialty": "Academic Regenerative Medicine",
      "featured": true,
      "verified": true,
      "url": "/locations/oregon/portland/ohsu-orthopedics.html",
      "keywords": [
        "stem cell therapy portland",
        "ohsu orthopedics stem cell",
        "regenerative medicine portland"
      ]
    },
    {
      "id": "clinic-075",
      "name": "Portland Stem Cell Treatment Center",
      "slug": "portland-stem-cell-treatment-center",
      "state": "oregon",
      "city": "portland",
      "address": "9155 SW Barnes Rd #930, Portland, OR 97225",
      "phone": "",
      "price_low": 4500,
      "price_high": 11000,
      "avg_price": 7750,
      "specialty": "Regenerative Orthopedics",
      "featured": true,
      "verified": true,
      "url": "/locations/oregon/portland/portland-stem-cell-treatment-center.html",
      "keywords": [
        "stem cell therapy portland",
        "portland stem cell treatment center stem cell",
        "regenerative medicine portland"
      ]
    },
    {
      "id": "clinic-076",
      "name": "Penn Medicine",
      "slug": "penn-medicine",
      "state": "pennsylvania",
      "city": "philadelphia",
      "address": "3400 Spruce St, Philadelphia, PA 19104",
      "phone": "",
      "price_low": 6000,
      "price_high": 18000,
      "avg_price": 12000,
      "specialty": "Academic Regenerative Medicine",
      "featured": true,
      "verified": true,
      "url": "/locations/pennsylvania/philadelphia/penn-medicine.html",
      "keywords": [
        "stem cell therapy philadelphia",
        "penn medicine stem cell",
        "regenerative medicine philadelphia"
      ]
    },
    {
      "id": "clinic-077",
      "name": "Philadelphia Stem Cell Treatment Center",
      "slug": "philadelphia-stem-cell-treatment-center",
      "state": "pennsylvania",
      "city": "philadelphia",
      "address": "1800 JFK Blvd #1500, Philadelphia, PA 19103",
      "phone": "",
      "price_low": 5000,
      "price_high": 12000,
      "avg_price": 8500,
      "specialty": "Regenerative Orthopedics",
      "featured": true,
      "verified": true,
      "url": "/locations/pennsylvania/philadelphia/philadelphia-stem-cell-treatment-center.html",
      "keywords": [
        "stem cell therapy philadelphia",
        "philadelphia stem cell treatment center stem cell",
        "regenerative medicine philadelphia"
      ]
    },
    {
      "id": "clinic-079",
      "name": "Pittsburgh Stem Cell Treatment Center",
      "slug": "pittsburgh-stem-cell-treatment-center",
      "state": "pennsylvania",
      "city": "pittsburgh",
      "address": "5750 Centre Ave, Pittsburgh, PA 15206",
      "phone": "",
      "price_low": 4000,
      "price_high": 10000,
      "avg_price": 7000,
      "specialty": "Regenerative Medicine",
      "featured": false,
      "verified": true,
      "url": "/locations/pennsylvania/pittsburgh/pittsburgh-stem-cell-treatment-center.html",
      "keywords": [
        "stem cell therapy pittsburgh",
        "pittsburgh stem cell treatment center stem cell",
        "regenerative medicine pittsburgh"
      ]
    },
    {
      "id": "clinic-078",
      "name": "UPMC Sports Medicine",
      "slug": "upmc-sports-medicine",
      "state": "pennsylvania",
      "city": "pittsburgh",
      "address": "3200 S Water St, Pittsburgh, PA 15203",
      "phone": "",
      "price_low": 5000,
      "price_high": 15000,
      "avg_price": 10000,
      "specialty": "Elite Sports Medicine",
      "featured": true,
      "verified": true,
      "url": "/locations/pennsylvania/pittsburgh/upmc-sports-medicine.html",
      "keywords": [
        "stem cell therapy pittsburgh",
        "upmc sports medicine stem cell",
        "regenerative medicine pittsburgh"
      ]
    },
    {
      "id": "clinic-082",
      "name": "Campbell Clinic",
      "slug": "campbell-clinic",
      "state": "tennessee",
      "city": "memphis",
      "address": "1400 S Germantown Rd, Germantown, TN 38138",
      "phone": "",
      "price_low": 4500,
      "price_high": 12000,
      "avg_price": 8250,
      "specialty": "Historic Orthopedic Excellence",
      "featured": true,
      "verified": true,
      "url": "/locations/tennessee/memphis/campbell-clinic.html",
      "keywords": [
        "stem cell therapy memphis",
        "campbell clinic stem cell",
        "regenerative medicine memphis"
      ]
    },
    {
      "id": "clinic-081",
      "name": "Nashville Stem Cell Treatment Center",
      "slug": "nashville-stem-cell-treatment-center",
      "state": "tennessee",
      "city": "nashville",
      "address": "2011 Church St #400, Nashville, TN 37203",
      "phone": "",
      "price_low": 4000,
      "price_high": 10000,
      "avg_price": 7000,
      "specialty": "Regenerative Orthopedics",
      "featured": true,
      "verified": true,
      "url": "/locations/tennessee/nashville/nashville-stem-cell-treatment-center.html",
      "keywords": [
        "stem cell therapy nashville",
        "nashville stem cell treatment center stem cell",
        "regenerative medicine nashville"
      ]
    },
    {
      "id": "clinic-080",
      "name": "Vanderbilt Orthopedics",
      "slug": "vanderbilt-orthopedics",
      "state": "tennessee",
      "city": "nashville",
      "address": "1215 21st Ave S, Nashville, TN 37232",
      "phone": "",
      "price_low": 5000,
      "price_high": 14000,
      "avg_price": 9500,
      "specialty": "Academic Regenerative Medicine",
      "featured": true,
      "verified": true,
      "url": "/locations/tennessee/nashville/vanderbilt-orthopedics.html",
      "keywords": [
        "stem cell therapy nashville",
        "vanderbilt orthopedics stem cell",
        "regenerative medicine nashville"
      ]
    },
    {
      "id": "clinic-092",
      "name": "Austin Stem Cell Center",
      "slug": "austin-stem-cell-center",
      "state": "texas",
      "city": "austin",
      "address": "3705 Medical Pkwy #430, Austin, TX 78705",
      "phone": "",
      "price_low": 4000,
      "price_high": 10000,
      "avg_price": 7000,
      "specialty": "Regenerative Orthopedics",
      "featured": true,
      "verified": true,
      "url": "/locations/texas/austin/austin-stem-cell-center.html",
      "keywords": [
        "stem cell therapy austin",
        "austin stem cell center stem cell",
        "regenerative medicine austin"
      ]
    },
    {
      "id": "clinic-093",
      "name": "Texas Orthopedics",
      "slug": "texas-orthopedics",
      "state": "texas",
      "city": "austin",
      "address": "4700 Seton Center Pkwy #100, Austin, TX 78759",
      "phone": "",
      "price_low": 3500,
      "price_high": 9000,
      "avg_price": 6250,
      "specialty": "Sports Medicine & PRP",
      "featured": true,
      "verified": true,
      "url": "/locations/texas/austin/texas-orthopedics.html",
      "keywords": [
        "stem cell therapy austin",
        "texas orthopedics stem cell",
        "regenerative medicine austin"
      ]
    },
    {
      "id": "clinic-091",
      "name": "Baylor Scott & White Sports Medicine",
      "slug": "baylor-scott-white-sports-medicine",
      "state": "texas",
      "city": "dallas",
      "address": "3900 Junius St, Dallas, TX 75246",
      "phone": "",
      "price_low": 5000,
      "price_high": 15000,
      "avg_price": 10000,
      "specialty": "Academic Sports Medicine",
      "featured": false,
      "verified": true,
      "url": "/locations/texas/dallas/baylor-scott-white-sports-medicine.html",
      "keywords": [
        "stem cell therapy dallas",
        "baylor scott & white sports medicine stem cell",
        "regenerative medicine dallas"
      ]
    },
    {
      "id": "clinic-089",
      "name": "Dallas Stem Cell Treatment Center",
      "slug": "dallas-stem-cell-treatment-center",
      "state": "texas",
      "city": "dallas",
      "address": "7777 Forest Ln #C350, Dallas, TX 75230",
      "phone": "",
      "price_low": 4500,
      "price_high": 12000,
      "avg_price": 8250,
      "specialty": "Regenerative Medicine",
      "featured": true,
      "verified": true,
      "url": "/locations/texas/dallas/dallas-stem-cell-treatment-center.html",
      "keywords": [
        "stem cell therapy dallas",
        "dallas stem cell treatment center stem cell",
        "regenerative medicine dallas"
      ]
    },
    {
      "id": "clinic-090",
      "name": "Texas Health Orthopedics",
      "slug": "texas-health-orthopedics",
      "state": "texas",
      "city": "dallas",
      "address": "8200 Walnut Hill Ln, Dallas, TX 75231",
      "phone": "",
      "price_low": 4000,
      "price_high": 10000,
      "avg_price": 7000,
      "specialty": "Orthopedic Regenerative Care",
      "featured": true,
      "verified": true,
      "url": "/locations/texas/dallas/texas-health-orthopedics.html",
      "keywords": [
        "stem cell therapy dallas",
        "texas health orthopedics stem cell",
        "regenerative medicine dallas"
      ]
    },
    {
      "id": "clinic-094",
      "name": "Fort Worth Regenerative Medicine",
      "slug": "fort-worth-regenerative-medicine",
      "state": "texas",
      "city": "fort-worth",
      "address": "1325 Pennsylvania Ave #200, Fort Worth, TX 76104",
      "phone": "",
      "price_low": 3500,
      "price_high": 9000,
      "avg_price": 6250,
      "specialty": "Stem Cell Therapy",
      "featured": true,
      "verified": true,
      "url": "/locations/texas/fort-worth/fort-worth-regenerative-medicine.html",
      "keywords": [
        "stem cell therapy fort worth",
        "fort worth regenerative medicine stem cell",
        "regenerative medicine fort worth"
      ]
    },
    {
      "id": "clinic-095",
      "name": "Texas Health Harris Methodist",
      "slug": "texas-health-harris-methodist",
      "state": "texas",
      "city": "fort-worth",
      "address": "1301 Pennsylvania Ave, Fort Worth, TX 76104",
      "phone": "",
      "price_low": 4500,
      "price_high": 12000,
      "avg_price": 8250,
      "specialty": "Orthopedic Regenerative Care",
      "featured": false,
      "verified": true,
      "url": "/locations/texas/fort-worth/texas-health-harris-methodist.html",
      "keywords": [
        "stem cell therapy fort worth",
        "texas health harris methodist stem cell",
        "regenerative medicine fort worth"
      ]
    },
    {
      "id": "clinic-085",
      "name": "Fondren Orthopedic Group",
      "slug": "fondren-orthopedic-group",
      "state": "texas",
      "city": "houston",
      "address": "7401 S Main St, Houston, TX 77030",
      "phone": "",
      "price_low": 4500,
      "price_high": 12000,
      "avg_price": 8250,
      "specialty": "Sports Medicine & Regenerative Care",
      "featured": false,
      "verified": true,
      "url": "/locations/texas/houston/fondren-orthopedic-group.html",
      "keywords": [
        "stem cell therapy houston",
        "fondren orthopedic group stem cell",
        "regenerative medicine houston"
      ]
    },
    {
      "id": "clinic-083",
      "name": "Houston Stem Cell Center",
      "slug": "houston-stem-cell-center",
      "state": "texas",
      "city": "houston",
      "address": "6560 Fannin St #1124, Houston, TX 77030",
      "phone": "",
      "price_low": 4000,
      "price_high": 10000,
      "avg_price": 7000,
      "specialty": "Regenerative Medicine",
      "featured": true,
      "verified": true,
      "url": "/locations/texas/houston/houston-stem-cell-center.html",
      "keywords": [
        "stem cell therapy houston",
        "houston stem cell center stem cell",
        "regenerative medicine houston"
      ]
    },
    {
      "id": "clinic-086",
      "name": "Memorial Hermann Sports Medicine",
      "slug": "memorial-hermann-sports-medicine",
      "state": "texas",
      "city": "houston",
      "address": "6400 Fannin St #2600, Houston, TX 77030",
      "phone": "",
      "price_low": 5000,
      "price_high": 15000,
      "avg_price": 10000,
      "specialty": "Academic Sports Medicine",
      "featured": true,
      "verified": true,
      "url": "/locations/texas/houston/memorial-hermann-sports-medicine.html",
      "keywords": [
        "stem cell therapy houston",
        "memorial hermann sports medicine stem cell",
        "regenerative medicine houston"
      ]
    },
    {
      "id": "clinic-084",
      "name": "Texas Orthobiologics",
      "slug": "texas-orthobiologics",
      "state": "texas",
      "city": "houston",
      "address": "7505 S Main St #350, Houston, TX 77030",
      "phone": "",
      "price_low": 3500,
      "price_high": 8000,
      "avg_price": 5750,
      "specialty": "Orthopedic Stem Cell Therapy",
      "featured": true,
      "verified": true,
      "url": "/locations/texas/houston/texas-orthobiologics.html",
      "keywords": [
        "stem cell therapy houston",
        "texas orthobiologics stem cell",
        "regenerative medicine houston"
      ]
    },
    {
      "id": "clinic-088",
      "name": "Alamo Stem Cell Center",
      "slug": "alamo-stem-cell-center",
      "state": "texas",
      "city": "san-antonio",
      "address": "8042 Wurzbach Rd #450, San Antonio, TX 78229",
      "phone": "",
      "price_low": 4000,
      "price_high": 10000,
      "avg_price": 7000,
      "specialty": "Stem Cell Therapy",
      "featured": false,
      "verified": true,
      "url": "/locations/texas/san-antonio/alamo-stem-cell-center.html",
      "keywords": [
        "stem cell therapy san antonio",
        "alamo stem cell center stem cell",
        "regenerative medicine san antonio"
      ]
    },
    {
      "id": "clinic-087",
      "name": "San Antonio Regenerative Medicine",
      "slug": "san-antonio-regenerative-medicine",
      "state": "texas",
      "city": "san-antonio",
      "address": "7940 Floyd Curl Dr, San Antonio, TX 78229",
      "phone": "",
      "price_low": 3500,
      "price_high": 9000,
      "avg_price": 6250,
      "specialty": "Regenerative Orthopedics",
      "featured": true,
      "verified": true,
      "url": "/locations/texas/san-antonio/san-antonio-regenerative-medicine.html",
      "keywords": [
        "stem cell therapy san antonio",
        "san antonio regenerative medicine stem cell",
        "regenerative medicine san antonio"
      ]
    },
    {
      "id": "clinic-097",
      "name": "Salt Lake Stem Cell Treatment Center",
      "slug": "salt-lake-stem-cell-treatment-center",
      "state": "utah",
      "city": "salt-lake-city",
      "address": "50 N Medical Dr, Salt Lake City, UT 84132",
      "phone": "",
      "price_low": 4000,
      "price_high": 10000,
      "avg_price": 7000,
      "specialty": "Regenerative Orthopedics",
      "featured": true,
      "verified": true,
      "url": "/locations/utah/salt-lake-city/salt-lake-stem-cell-treatment-center.html",
      "keywords": [
        "stem cell therapy salt lake city",
        "salt lake stem cell treatment center stem cell",
        "regenerative medicine salt lake city"
      ]
    },
    {
      "id": "clinic-096",
      "name": "University of Utah Orthopedics",
      "slug": "university-of-utah-orthopedics",
      "state": "utah",
      "city": "salt-lake-city",
      "address": "590 Wakara Way, Salt Lake City, UT 84108",
      "phone": "",
      "price_low": 5000,
      "price_high": 14000,
      "avg_price": 9500,
      "specialty": "Academic Regenerative Medicine",
      "featured": true,
      "verified": true,
      "url": "/locations/utah/salt-lake-city/university-of-utah-orthopedics.html",
      "keywords": [
        "stem cell therapy salt lake city",
        "university of utah orthopedics stem cell",
        "regenerative medicine salt lake city"
      ]
    },
    {
      "id": "clinic-098",
      "name": "Seattle Stem Cell Center",
      "slug": "seattle-stem-cell-center",
      "state": "washington",
      "city": "seattle",
      "address": "1959 NE Pacific St, Seattle, WA 98195",
      "phone": "",
      "price_low": 5000,
      "price_high": 12000,
      "avg_price": 8500,
      "specialty": "Regenerative Medicine",
      "featured": true,
      "verified": true,
      "url": "/locations/washington/seattle/seattle-stem-cell-center.html",
      "keywords": [
        "stem cell therapy seattle",
        "seattle stem cell center stem cell",
        "regenerative medicine seattle"
      ]
    },
    {
      "id": "clinic-099",
      "name": "UW Medicine Orthopedics",
      "slug": "uw-medicine-orthopedics",
      "state": "washington",
      "city": "seattle",
      "address": "4245 Roosevelt Way NE, Seattle, WA 98105",
      "phone": "",
      "price_low": 5500,
      "price_high": 15000,
      "avg_price": 10250,
      "specialty": "Academic Orthopedic Care",
      "featured": true,
      "verified": true,
      "url": "/locations/washington/seattle/uw-medicine-orthopedics.html",
      "keywords": [
        "stem cell therapy seattle",
        "uw medicine orthopedics stem cell",
        "regenerative medicine seattle"
      ]
    },
    {
      "id": "clinic-100",
      "name": "Georgetown University Hospital",
      "slug": "georgetown-university-hospital",
      "state": "washington-dc",
      "city": "washington",
      "address": "3800 Reservoir Rd NW, Washington, DC 20007",
      "phone": "",
      "price_low": 6000,
      "price_high": 18000,
      "avg_price": 12000,
      "specialty": "Academic Regenerative Medicine",
      "featured": true,
      "verified": true,
      "url": "/locations/washington-dc/washington/georgetown-university-hospital.html",
      "keywords": [
        "stem cell therapy washington",
        "georgetown university hospital stem cell",
        "regenerative medicine washington"
      ]
    },
    {
      "id": "clinic-101",
      "name": "Washington DC Stem Cell Center",
      "slug": "washington-dc-stem-cell-center",
      "state": "washington-dc",
      "city": "washington",
      "address": "1145 19th St NW #800, Washington, DC 20036",
      "phone": "",
      "price_low": 5000,
      "price_high": 12000,
      "avg_price": 8500,
      "specialty": "Regenerative Orthopedics",
      "featured": true,
      "verified": true,
      "url": "/locations/washington-dc/washington/washington-dc-stem-cell-center.html",
      "keywords": [
        "stem cell therapy washington",
        "washington dc stem cell center stem cell",
        "regenerative medicine washington"
      ]
    },
    {
      "id": "clinic-102",
      "name": "Froedtert Orthopedics",
      "slug": "froedtert-orthopedics",
      "state": "wisconsin",
      "city": "milwaukee",
      "address": "9200 W Wisconsin Ave, Milwaukee, WI 53226",
      "phone": "",
      "price_low": 5000,
      "price_high": 14000,
      "avg_price": 9500,
      "specialty": "Academic Regenerative Medicine",
      "featured": true,
      "verified": true,
      "url": "/locations/wisconsin/milwaukee/froedtert-orthopedics.html",
      "keywords": [
        "stem cell therapy milwaukee",
        "froedtert orthopedics stem cell",
        "regenerative medicine milwaukee"
      ]
    }
  ]
}