{
  "meta": {
    "version": "1.0",
    "generated": "2026-01-09",
    "site": "stemcellprices.com",
    "total_states": 30,
    "total_cities": 50,
    "total_clinics": 102,
    "contact": "hello@stemcellprices.com"
  },
  "conditions": [
    {
      "id": "knee-osteoarthritis",
      "name": "Knee Osteoarthritis",
      "slug": "knee-osteoarthritis",
      "price_low": 3500,
      "price_high": 9000,
      "avg_price": 5800,
      "clinic_count": 250,
      "success_rate": "68-77%",
      "treatments": ["PRP", "BMAC", "Adipose-Derived"],
      "keywords": ["stem cell knee", "knee stem cell therapy cost", "stem cell injection knee"]
    },
    {
      "id": "spine-disc",
      "name": "Spine / Disc Pain",
      "slug": "spine-disc",
      "price_low": 5000,
      "price_high": 15000,
      "avg_price": 8500,
      "clinic_count": 150,
      "success_rate": "55-70%",
      "treatments": ["BMAC", "Intradiscal PRP"],
      "keywords": ["stem cell back pain", "disc regeneration stem cell", "spine stem cell therapy"]
    },
    {
      "id": "shoulder",
      "name": "Shoulder / Rotator Cuff",
      "slug": "shoulder",
      "price_low": 3000,
      "price_high": 8000,
      "avg_price": 5200,
      "clinic_count": 210,
      "success_rate": "65-75%",
      "treatments": ["PRP", "BMAC"],
      "keywords": ["rotator cuff stem cell", "shoulder stem cell injection", "stem cell shoulder therapy"]
    },
    {
      "id": "hip-osteoarthritis",
      "name": "Hip Osteoarthritis",
      "slug": "hip-osteoarthritis",
      "price_low": 4000,
      "price_high": 10000,
      "avg_price": 6500,
      "clinic_count": 180,
      "success_rate": "60-72%",
      "treatments": ["PRP", "BMAC", "Adipose-Derived"],
      "keywords": ["hip stem cell therapy", "stem cell hip injection cost", "hip regeneration"]
    },
    {
      "id": "elbow",
      "name": "Elbow / Tennis Elbow",
      "slug": "elbow",
      "price_low": 2000,
      "price_high": 5000,
      "avg_price": 3200,
      "clinic_count": 120,
      "success_rate": "70-80%",
      "treatments": ["PRP"],
      "keywords": ["tennis elbow stem cell", "elbow PRP injection", "stem cell elbow treatment"]
    },
    {
      "id": "ankle-foot",
      "name": "Ankle / Foot",
      "slug": "ankle-foot",
      "price_low": 2500,
      "price_high": 6000,
      "avg_price": 4000,
      "clinic_count": 90,
      "success_rate": "65-75%",
      "treatments": ["PRP", "BMAC"],
      "keywords": ["ankle stem cell therapy", "foot stem cell injection", "achilles stem cell"]
    },
    {
      "id": "wrist-hand",
      "name": "Wrist / Hand",
      "slug": "wrist-hand",
      "price_low": 2000,
      "price_high": 5000,
      "avg_price": 3500,
      "clinic_count": 85,
      "success_rate": "68-78%",
      "treatments": ["PRP"],
      "keywords": ["wrist stem cell", "hand arthritis stem cell", "carpal tunnel stem cell"]
    },
    {
      "id": "sports-injury",
      "name": "Sports Injury",
      "slug": "sports-injury",
      "price_low": 3000,
      "price_high": 12000,
      "avg_price": 6000,
      "clinic_count": 200,
      "success_rate": "70-85%",
      "treatments": ["PRP", "BMAC", "Adipose-Derived"],
      "keywords": ["sports medicine stem cell", "athletic injury stem cell", "sports injury regenerative"]
    }
  ],
  "states": [
    {"id": "alaska", "name": "Alaska", "abbr": "AK", "clinic_count": 1, "city_count": 1, "avg_price": 5500},
    {"id": "arizona", "name": "Arizona", "abbr": "AZ", "clinic_count": 7, "city_count": 3, "avg_price": 5100},
    {"id": "california", "name": "California", "abbr": "CA", "clinic_count": 17, "city_count": 6, "avg_price": 5366},
    {"id": "colorado", "name": "Colorado", "abbr": "CO", "clinic_count": 3, "city_count": 1, "avg_price": 5000},
    {"id": "florida", "name": "Florida", "abbr": "FL", "clinic_count": 9, "city_count": 4, "avg_price": 5400},
    {"id": "georgia", "name": "Georgia", "abbr": "GA", "clinic_count": 2, "city_count": 1, "avg_price": 5100},
    {"id": "hawaii", "name": "Hawaii", "abbr": "HI", "clinic_count": 1, "city_count": 1, "avg_price": 6500},
    {"id": "idaho", "name": "Idaho", "abbr": "ID", "clinic_count": 1, "city_count": 1, "avg_price": 4800},
    {"id": "illinois", "name": "Illinois", "abbr": "IL", "clinic_count": 3, "city_count": 1, "avg_price": 5400},
    {"id": "indiana", "name": "Indiana", "abbr": "IN", "clinic_count": 2, "city_count": 1, "avg_price": 4600},
    {"id": "kentucky", "name": "Kentucky", "abbr": "KY", "clinic_count": 1, "city_count": 1, "avg_price": 4500},
    {"id": "maryland", "name": "Maryland", "abbr": "MD", "clinic_count": 2, "city_count": 1, "avg_price": 5600},
    {"id": "massachusetts", "name": "Massachusetts", "abbr": "MA", "clinic_count": 3, "city_count": 1, "avg_price": 6000},
    {"id": "michigan", "name": "Michigan", "abbr": "MI", "clinic_count": 2, "city_count": 1, "avg_price": 4800},
    {"id": "minnesota", "name": "Minnesota", "abbr": "MN", "clinic_count": 2, "city_count": 1, "avg_price": 5200},
    {"id": "missouri", "name": "Missouri", "abbr": "MO", "clinic_count": 3, "city_count": 2, "avg_price": 4700},
    {"id": "nevada", "name": "Nevada", "abbr": "NV", "clinic_count": 2, "city_count": 1, "avg_price": 5300},
    {"id": "new-mexico", "name": "New Mexico", "abbr": "NM", "clinic_count": 1, "city_count": 1, "avg_price": 4600},
    {"id": "new-york", "name": "New York", "abbr": "NY", "clinic_count": 4, "city_count": 1, "avg_price": 6200},
    {"id": "north-carolina", "name": "North Carolina", "abbr": "NC", "clinic_count": 3, "city_count": 2, "avg_price": 5000},
    {"id": "ohio", "name": "Ohio", "abbr": "OH", "clinic_count": 4, "city_count": 3, "avg_price": 4800},
    {"id": "oklahoma", "name": "Oklahoma", "abbr": "OK", "clinic_count": 1, "city_count": 1, "avg_price": 4400},
    {"id": "oregon", "name": "Oregon", "abbr": "OR", "clinic_count": 2, "city_count": 1, "avg_price": 5100},
    {"id": "pennsylvania", "name": "Pennsylvania", "abbr": "PA", "clinic_count": 3, "city_count": 2, "avg_price": 5300},
    {"id": "tennessee", "name": "Tennessee", "abbr": "TN", "clinic_count": 3, "city_count": 2, "avg_price": 4900},
    {"id": "texas", "name": "Texas", "abbr": "TX", "clinic_count": 12, "city_count": 5, "avg_price": 4900},
    {"id": "utah", "name": "Utah", "abbr": "UT", "clinic_count": 2, "city_count": 1, "avg_price": 4700},
    {"id": "washington", "name": "Washington", "abbr": "WA", "clinic_count": 3, "city_count": 1, "avg_price": 5500},
    {"id": "washington-dc", "name": "Washington DC", "abbr": "DC", "clinic_count": 2, "city_count": 1, "avg_price": 6000},
    {"id": "wisconsin", "name": "Wisconsin", "abbr": "WI", "clinic_count": 1, "city_count": 1, "avg_price": 4900}
  ],
  "cities": [
    {"id": "los-angeles", "name": "Los Angeles", "state": "california", "state_abbr": "CA", "clinic_count": 5, "avg_price": 5500, "url": "/locations/california/los-angeles/"},
    {"id": "san-diego", "name": "San Diego", "state": "california", "state_abbr": "CA", "clinic_count": 3, "avg_price": 5200, "url": "/locations/california/san-diego/"},
    {"id": "san-jose", "name": "San Jose", "state": "california", "state_abbr": "CA", "clinic_count": 2, "avg_price": 5800, "url": "/locations/california/san-jose/"},
    {"id": "san-francisco", "name": "San Francisco", "state": "california", "state_abbr": "CA", "clinic_count": 3, "avg_price": 6200, "url": "/locations/california/san-francisco/"},
    {"id": "fresno", "name": "Fresno", "state": "california", "state_abbr": "CA", "clinic_count": 2, "avg_price": 4500, "url": "/locations/california/fresno/"},
    {"id": "sacramento", "name": "Sacramento", "state": "california", "state_abbr": "CA", "clinic_count": 2, "avg_price": 5000, "url": "/locations/california/sacramento/"},
    {"id": "phoenix", "name": "Phoenix", "state": "arizona", "state_abbr": "AZ", "clinic_count": 3, "avg_price": 4900, "url": "/locations/arizona/phoenix/"},
    {"id": "tucson", "name": "Tucson", "state": "arizona", "state_abbr": "AZ", "clinic_count": 2, "avg_price": 4600, "url": "/locations/arizona/tucson/"},
    {"id": "scottsdale", "name": "Scottsdale", "state": "arizona", "state_abbr": "AZ", "clinic_count": 2, "avg_price": 5800, "url": "/locations/arizona/scottsdale/"},
    {"id": "denver", "name": "Denver", "state": "colorado", "state_abbr": "CO", "clinic_count": 3, "avg_price": 5000, "url": "/locations/colorado/denver/"},
    {"id": "jacksonville", "name": "Jacksonville", "state": "florida", "state_abbr": "FL", "clinic_count": 2, "avg_price": 4800, "url": "/locations/florida/jacksonville/"},
    {"id": "miami", "name": "Miami", "state": "florida", "state_abbr": "FL", "clinic_count": 3, "avg_price": 6100, "url": "/locations/florida/miami/"},
    {"id": "tampa", "name": "Tampa", "state": "florida", "state_abbr": "FL", "clinic_count": 2, "avg_price": 5200, "url": "/locations/florida/tampa/"},
    {"id": "orlando", "name": "Orlando", "state": "florida", "state_abbr": "FL", "clinic_count": 2, "avg_price": 5100, "url": "/locations/florida/orlando/"},
    {"id": "atlanta", "name": "Atlanta", "state": "georgia", "state_abbr": "GA", "clinic_count": 2, "avg_price": 5100, "url": "/locations/georgia/atlanta/"},
    {"id": "anchorage", "name": "Anchorage", "state": "alaska", "state_abbr": "AK", "clinic_count": 1, "avg_price": 5500, "url": "/locations/alaska/anchorage/"},
    {"id": "honolulu", "name": "Honolulu", "state": "hawaii", "state_abbr": "HI", "clinic_count": 1, "avg_price": 6500, "url": "/locations/hawaii/honolulu/"},
    {"id": "boise", "name": "Boise", "state": "idaho", "state_abbr": "ID", "clinic_count": 1, "avg_price": 4800, "url": "/locations/idaho/boise/"},
    {"id": "chicago", "name": "Chicago", "state": "illinois", "state_abbr": "IL", "clinic_count": 3, "avg_price": 5400, "url": "/locations/illinois/chicago/"},
    {"id": "indianapolis", "name": "Indianapolis", "state": "indiana", "state_abbr": "IN", "clinic_count": 2, "avg_price": 4600, "url": "/locations/indiana/indianapolis/"},
    {"id": "louisville", "name": "Louisville", "state": "kentucky", "state_abbr": "KY", "clinic_count": 1, "avg_price": 4500, "url": "/locations/kentucky/louisville/"},
    {"id": "baltimore", "name": "Baltimore", "state": "maryland", "state_abbr": "MD", "clinic_count": 2, "avg_price": 5600, "url": "/locations/maryland/baltimore/"},
    {"id": "boston", "name": "Boston", "state": "massachusetts", "state_abbr": "MA", "clinic_count": 3, "avg_price": 6000, "url": "/locations/massachusetts/boston/"},
    {"id": "detroit", "name": "Detroit", "state": "michigan", "state_abbr": "MI", "clinic_count": 2, "avg_price": 4800, "url": "/locations/michigan/detroit/"},
    {"id": "minneapolis", "name": "Minneapolis", "state": "minnesota", "state_abbr": "MN", "clinic_count": 2, "avg_price": 5200, "url": "/locations/minnesota/minneapolis/"},
    {"id": "st-louis", "name": "St. Louis", "state": "missouri", "state_abbr": "MO", "clinic_count": 2, "avg_price": 4700, "url": "/locations/missouri/st-louis/"},
    {"id": "kansas-city", "name": "Kansas City", "state": "missouri", "state_abbr": "MO", "clinic_count": 1, "avg_price": 4600, "url": "/locations/missouri/kansas-city/"},
    {"id": "las-vegas", "name": "Las Vegas", "state": "nevada", "state_abbr": "NV", "clinic_count": 2, "avg_price": 5300, "url": "/locations/nevada/las-vegas/"},
    {"id": "albuquerque", "name": "Albuquerque", "state": "new-mexico", "state_abbr": "NM", "clinic_count": 1, "avg_price": 4600, "url": "/locations/new-mexico/albuquerque/"},
    {"id": "new-york-city", "name": "New York City", "state": "new-york", "state_abbr": "NY", "clinic_count": 4, "avg_price": 6200, "url": "/locations/new-york/new-york-city/"},
    {"id": "charlotte", "name": "Charlotte", "state": "north-carolina", "state_abbr": "NC", "clinic_count": 2, "avg_price": 5000, "url": "/locations/north-carolina/charlotte/"},
    {"id": "raleigh", "name": "Raleigh", "state": "north-carolina", "state_abbr": "NC", "clinic_count": 1, "avg_price": 5100, "url": "/locations/north-carolina/raleigh/"},
    {"id": "columbus", "name": "Columbus", "state": "ohio", "state_abbr": "OH", "clinic_count": 2, "avg_price": 4700, "url": "/locations/ohio/columbus/"},
    {"id": "cleveland", "name": "Cleveland", "state": "ohio", "state_abbr": "OH", "clinic_count": 1, "avg_price": 4900, "url": "/locations/ohio/cleveland/"},
    {"id": "cincinnati", "name": "Cincinnati", "state": "ohio", "state_abbr": "OH", "clinic_count": 1, "avg_price": 4800, "url": "/locations/ohio/cincinnati/"},
    {"id": "oklahoma-city", "name": "Oklahoma City", "state": "oklahoma", "state_abbr": "OK", "clinic_count": 1, "avg_price": 4400, "url": "/locations/oklahoma/oklahoma-city/"},
    {"id": "portland", "name": "Portland", "state": "oregon", "state_abbr": "OR", "clinic_count": 2, "avg_price": 5100, "url": "/locations/oregon/portland/"},
    {"id": "philadelphia", "name": "Philadelphia", "state": "pennsylvania", "state_abbr": "PA", "clinic_count": 2, "avg_price": 5400, "url": "/locations/pennsylvania/philadelphia/"},
    {"id": "pittsburgh", "name": "Pittsburgh", "state": "pennsylvania", "state_abbr": "PA", "clinic_count": 1, "avg_price": 5100, "url": "/locations/pennsylvania/pittsburgh/"},
    {"id": "nashville", "name": "Nashville", "state": "tennessee", "state_abbr": "TN", "clinic_count": 2, "avg_price": 5000, "url": "/locations/tennessee/nashville/"},
    {"id": "memphis", "name": "Memphis", "state": "tennessee", "state_abbr": "TN", "clinic_count": 1, "avg_price": 4700, "url": "/locations/tennessee/memphis/"},
    {"id": "houston", "name": "Houston", "state": "texas", "state_abbr": "TX", "clinic_count": 3, "avg_price": 4900, "url": "/locations/texas/houston/"},
    {"id": "san-antonio", "name": "San Antonio", "state": "texas", "state_abbr": "TX", "clinic_count": 2, "avg_price": 4600, "url": "/locations/texas/san-antonio/"},
    {"id": "dallas", "name": "Dallas", "state": "texas", "state_abbr": "TX", "clinic_count": 3, "avg_price": 5200, "url": "/locations/texas/dallas/"},
    {"id": "austin", "name": "Austin", "state": "texas", "state_abbr": "TX", "clinic_count": 2, "avg_price": 5100, "url": "/locations/texas/austin/"},
    {"id": "fort-worth", "name": "Fort Worth", "state": "texas", "state_abbr": "TX", "clinic_count": 2, "avg_price": 4800, "url": "/locations/texas/fort-worth/"},
    {"id": "salt-lake-city", "name": "Salt Lake City", "state": "utah", "state_abbr": "UT", "clinic_count": 2, "avg_price": 4700, "url": "/locations/utah/salt-lake-city/"},
    {"id": "seattle", "name": "Seattle", "state": "washington", "state_abbr": "WA", "clinic_count": 3, "avg_price": 5500, "url": "/locations/washington/seattle/"},
    {"id": "washington-dc", "name": "Washington DC", "state": "washington-dc", "state_abbr": "DC", "clinic_count": 2, "avg_price": 6000, "url": "/locations/washington-dc/washington-dc/"},
    {"id": "milwaukee", "name": "Milwaukee", "state": "wisconsin", "state_abbr": "WI", "clinic_count": 1, "avg_price": 4900, "url": "/locations/wisconsin/milwaukee/"}
  ]
}
